{"loss": 4.946479797363281, "_timestamp": 1679603234.475504, "_runtime": 63.529146909713745, "_step": 144, "_wandb": {"runtime": 67}}