{"loss": 4.946479797363281, "_timestamp": 1679603129.099746, "_runtime": 63.233750104904175, "_step": 144, "_wandb": {"runtime": 62}}