{"loss": 0.4244554042816162, "_timestamp": 1679603384.4119387, "_runtime": 63.4986937046051, "_step": 144, "_wandb": {"runtime": 67}}